V1,V2,V3,V4,V5,V6,V7,V8,V9,V10,V11,V12,V13,V14,V15,V16,V17,V18,V19,V20,V21,V22,V23,V24,V25,V26,V27,V28,V29,V30,V31,V32,V33,V34,V35,V36,V37,V38,V39,V40,V41,V42,V43,V44,V45,V46,V47,V48,V49,V50,V51,V52,V53,V54,V55,V56,V57,V58,V59,V60,V61,V62,V63,V64,V65,V66,V67,V68,V69,V70,V71,V72
0,0,0,0,0,0,0,0,0,0,0,0,0,0,0,0,0,0,0,0,0,0,0,0,0,0,0,0,0,0,0,0,0,0,0,0,0,0,0,0,0,0,0,0,0,0,0,0,0,0,0,0,0,0,0,0,0,0,0,0,0,0,0,0,0,0,0,0,0,0,0,0
0,0,0,0,0,0,0,0,0,0,0,0,0,0,0,0,0,0,0,0,0,0,0,0,0,0,0,0,0,0,0,0,0,0,0,0,0,0,0,0,0,0,0,0,0,0,0,0,0,0,0,0,0,0,0,0,0,0,0,0,0,0,0,0,0,0,0,0,0,0,0,0
0,0,0,0,0,0,0,0,0,0,0,0,0,0,0,0,0,0,0,0,0,0,0,0,0,0,0,0,0,0,0,0,0,0,0,0,0,0,0,0,0,0,0,0,0,0,0,0,0,0,0,0,0,0,0,0,0,0,0,0,0,0,0,0,0,0,0,0,0,0,0,0
0,0,0,0,0,0,0,0,0,0,0,0,0,0,0,0,0,0,0,0,0,0,0,0,0,0,0,0,0,0,0,0,0,0,0,0,0,0,0,0,0,0,0,0,0,0,0,0,0,0,0,0,0,0,0,0,0,0,0,0,0,0,0,0,0,0,0,0,0,0,0,0
0,0,0,0,0,0,0,0,0,0,0,0,0,0,0,0,0,0,0,0,0,0,0,0,0,0,0,0,0,0,0,0,0,0,0,0,0,0,0,0,0,0,0,0,0,0,0,0,0,0,0,0,0,0,0,0,0,0,0,0,0,0,0,0,0,0,0,0,0,0,0,0
0,0,0,0,0,0,0,0,0,0,0,0,0,0,0,0,0,0,0,0,0,0,0,0,0,0,0,0,0,0,0,0,0,0,0,0,0,0,0,0,0,0,0,0,0,0,0,0,0,0,0,0,0,0,0,0,0,0,0,0,0,0,0,0,0,0,0,0,0,0,0,0
0,0,0,0,0,0,0,0,0,0,0,0,0,0,0,0,0,0,0,0,0,0,0,0,0,0,0,0,0,0,0,0,0,0,0,0,0,0,0,0,0,0,0,0,0,0,0,0,0,0,0,0,0,0,0,0,0,0,0,0,0,0,0,0,0,0,0,0,0,0,0,0
0,0,0,0,0,0,0,0,0,0,0,0,0,0,0,0,0,0,0,0,0,0,0,0,0,0,0,0,0,0,0,0,0,0,0,0,0,0,0,0,0,0,0,0,0,0,0,0,0,0,0,0,0,0,0,0,0,0,0,0,0,0,0,0,0,0,0,0,0,0,0,0
0,0,0,0,0,0,0,0,0,0,0,0,0,0,0,0,0,0,0,0,0,0,0,0,0,0,0,0,0,0,0,0,0,0,0,0,0,0,0,0,0,0,0,0,0,0,0,0,0,0,0,0,0,0,0,0,0,0,0,0,0,0,0,0,0,0,0,0,0,0,0,0
0,0,0,0,0,0,0,0,0,0,0,0,0,0,0,0,0,0,0,0,0,0,0,0,0,0,0,0,0,0,0,0,0,0,0,0,0,0,0,0,0,0,0,0,0,0,0,0,0,0,0,0,0,0,0,0,0,0,0,0,0,0,0,0,0,0,0,0,0,0,0,0
0,0,0,0,0,0,0,0,0,0,0,0,0,0,0,0,0,0,0,0,0,0,0,0,0,0,0,0,0,0,0,0,0,0,0,0,0,0,0,0,0,0,0,0,0,0,0,0,0,0,0,0,0,0,0,0,0,0,0,0,0,0,0,0,0,0,0,0,0,0,0,0
0,0,0,0,0,0,0,0,0,0,0,0,0,0,0,0,0,0,0,0,0,0,0,0,0,0,0,0,0,0,0,0,0,0,0,0,0,0,0,0,0,0,0,0,0,0,0,0,0,0,0,0,0,0,0,0,0,0,0,0,0,0,0,0,0,0,0,0,0,0,0,0
0,0,0,0,0,0,0,0,0,0,0,0,0,0,0,0,0,0,0,0,0,0,0,0,0,0,0,0,0,0,0,0,0,0,0,0,0,0,0,0,0,0,0,0,0,0,0,0,0,0,0,0,0,0,0,0,0,0,0,0,0,0,0,0,0,0,0,0,0,0,0,0
0,0,0,0,0,0,0,0,0,0,0,0,0,0,0,0,0,0,0,0,0,0,0,0,0,0,0,0,0,0,0,0,0,0,0,0,0,0,0,0,0,0,0,0,0,0,0,0,0,0,0,0,0,0,0,0,0,0,0,0,0,0,0,0,0,0,0,0,0,0,0,0
0,0,0,0,0,0,0,0,0,0,0,0,0,0,0,0,0,0,0,0,0,0,0,0,0,0,0,0,0,0,0,0,0,0,0,0,0,0,0,0,0,0,0,0,0,0,0,0,0,0,0,0,0,0,0,0,0,0,0,0,0,0,0,0,0,0,0,0,0,0,0,0
0,0,0,0,0,0,0,0,0,0,0,0,0,0,0,0,0,0,0,0,0,0,0,0,0,0,0,0,0,0,0,0,0,0,0,0,0,0,0,0,0,0,0,0,0,0,0,0,0,0,0,0,0,0,0,0,0,0,0,0,0,0,0,0,0,0,0,0,0,0,0,0
0,0,0,0,0,0,0,0,0,0,0,0,0,0,0,0,0,0,0,0,0,0,0,0,0,0,0,0,0,0,0,0,0,0,0,0,0,0,0,0,0,0,0,0,0,0,0,0,0,0,0,0,0,0,0,0,0,0,0,0,0,0,0,0,0,0,0,0,0,0,0,0
0,0,0,0,0,0,0,0,0,0,0,0,0,0,0,0,0,0,0,0,0,0,0,0,0,0,0,0,0,0,0,0,0,0,0,0,0,0,0,0,0,0,0,0,0,0,0,0,0,0,0,0,0,0,0,0,0,0,0,0,0,0,0,0,0,0,0,0,0,0,0,0
0,0,0,0,0,0,0,0,0,0,0,0,0,0,0,0,0,0,0,0,0,0,0,0,0,0,0,0,0,0,0,0,0,0,0,0,0,0,0,0,0,0,0,0,0,0,0,0,0,0,0,0,0,0,0,0,0,0,0,0,0,0,0,0,0,0,0,0,0,0,0,0
0,0,0,0,0,0,0,0,0,0,0,0,0,0,0,0,0,0,0,0,0,0,0,0,0,0,0,0,0,0,0,0,0,0,0,0,0,0,0,0,0,0,0,0,0,0,0,0,0,0,0,0,0,0,0,0,0,0,0,0,0,0,0,0,0,0,0,0,0,0,0,0
0,0,0,0,0,0,0,0,0,0,0,0,0,0,0,0,0,0,0,0,0,0,0,0,0,0,0,0,0,0,0,0,0,0,0,0,0,0,0,0,0,0,0,0,0,0,0,0,0,0,0,0,0,0,0,0,0,0,0,0,0,0,0,0,0,0,0,0,0,0,0,0
0,0,0,0,0,0,0,0,0,0,0,0,0,0,0,0,0,0,0,0,0,0,0,0,0,0,0,0,0,0,0,0,0,0,0,0,0,0,0,0,0,0,0,0,0,0,0,0,0,0,0,0,0,0,0,0,0,0,0,0,0,0,0,0,0,0,0,0,0,0,0,0
0,0,0,0,0,0,0,0,0,0,0,0,0,0,0,0,0,0,0,0,0,0,0,0,0,0,0,0,0,0,0,0,0,0,0,0,0,0,0,0,0,0,0,0,0,0,0,0,0,0,0,0,0,0,0,0,0,0,0,0,0,0,0,0,0,0,0,0,0,0,0,0
0,0,0,0,0,0,0,0,0,0,0,0,0,0,0,0,0,0,0,0,0,0,0,0,0,0,0,0,0,0,0,0,0,0,0,0,0,0,0,0,0,0,0,0,0,0,0,0,0,0,0,0,0,0,0,0,0,0,0,0,0,0,0,0,0,0,0,0,0,0,0,0
268.551472457981,262.241823777274,750.369699520018,697.527215087621,256.260880697953,250.243309941057,715.359724371945,665.058293924251,242.589173476429,236.89632555903,676.453811200979,628.971819005991,839.331332182397,776.747778360438,5619.82488900265,5095.73068458222,800.918291162954,741.208764249171,5357.62089731899,4858.531537336,758.188704028606,701.67562173645,5066.23864007044,4594.90458119827,236.841479134479,233.658159378097,479.844411098571,453.182572608722,226.00213561521,222.967455248458,457.4563234673,432.087559650061,213.944752771413,211.075252389386,432.576876354343,408.64222109503,1473.5311700246,1348.42106125759,11030.3306533371,9982.62342844337,1406.0931915265,1286.72594098889,10515.6888659546,9517.94618015484,1331.07707282084,1218.09706450644,9943.77733878916,9001.4965359721,363.681447412145,347.992816006625,1561.94556480521,1430.56112653916,347.037115754522,332.070888846582,1489.06992060973,1363.97049682803,328.522427302605,314.359541607954,1408.08461585336,1289.96062143702,522.231411591509,490.911136690618,2914.57200746359,2652.28431153987,498.330821092063,468.450180481037,2778.58691290886,2528.82419366026,471.744519472866,443.464924076298,2627.46928959286,2391.6086058788
273.62793899845,267.146591853565,793.283656462728,739.241165922212,261.102484449907,254.921154068447,756.207545528044,704.769343823639,247.169661742445,241.321850772961,715.009314681537,666.460367155961,889.700049150894,825.402696501145,6045.58525003124,5509.50009341519,848.973600025286,787.629709768,5763.02958661464,5252.58460180557,803.671087043259,745.611968143854,5449.05939729691,4967.0711294996,239.401702565884,236.132363558715,501.489123604537,474.226780906412,228.442977923645,225.326217823388,478.050765532385,452.112933956389,216.252915722675,213.305722333386,452.006525557753,427.537546917583,1574.22461978507,1445.68723150627,11881.4759092689,10809.7877889205,1502.16372564816,1379.52812208707,11326.1651806221,10305.7126731963,1422.00600362254,1305.93434367318,10709.1150430969,9745.52754349342,376.306615027336,360.189273104795,1668.66724865817,1534.28432120794,359.081003320275,343.705900368122,1590.67788552819,1462.7385539491,339.919899489315,325.370195780615,1504.01766250448,1383.22882825717,547.43776381068,515.260411130383,3127.63991987474,2859.35624539601,522.378538973326,491.680503222427,2981.46178616522,2726.02057007142,494.503625636974,465.450786226157,2819.03157418948,2577.84291676823
279.343585341217,272.675213240221,841.564108100808,786.238962559065,266.553529234335,260.193793691023,802.153632221905,749.500936747746,252.326529756153,246.309930209344,758.366087218133,708.677861732283,946.40682015372,880.242594221821,6524.55019089411,5975.64558844062,903.074559085057,839.950432282056,6219.00530743642,5696.4258664741,854.873997885678,795.130924155111,5879.52548187697,5386.15858058018,242.28451027253,238.921466794779,525.84266243684,497.938577587013,231.191248963437,227.985091598065,501.217428171077,474.671773876528,218.851682717821,215.819874596504,473.857232024065,448.817810009262,1687.58822054055,1555.31746508066,12838.9791751372,11741.6529501685,1610.32014867768,1484.12446805231,12237.7293910216,11193.0091200888,1524.37116999676,1404.93202828727,11569.7025866742,10583.3593779056,390.52079170039,373.93644097895,1788.7284527559,1651.14006660065,372.640366886368,356.81989943278,1704.9622522193,1573.9884253523,352.75111749443,337.780095919083,1611.89265276343,1488.25798227619,575.816129480022,542.705153814024,3367.3356987645,3092.64190745945,549.451764287401,517.863411020817,3209.64326476324,2948.13424026772,520.125413384932,490.230371967261,3034.43692939454,2787.55818177807
284.844237656526,277.728651473655,887.516138092172,828.684385863446,271.799770780082,265.013575392825,845.88500289907,789.902568002546,257.289936970088,250.869927597341,799.634222763612,746.812007148769,1001.0045412812,930.397819767276,6980.62332107496,6396.88671339774,955.16350214465,887.80202582614,6653.17992908318,6097.51720681383,904.172798781401,840.42047971302,6289.40146329538,5764.8870225792,245.057535091274,241.46925390519,549.010183950816,519.339804412486,233.83511644228,230.414216469147,523.257509353076,495.035083981613,221.352000037649,218.117124866144,494.647150571227,468.030061769231,1796.7382318918,1655.58580082033,13750.7423947266,12583.7782012351,1714.45654459821,1579.78919352137,13105.729849323,11994.866805306,1622.93153416705,1495.47663569687,12389.1428442461,11340.5259214794,404.204274408955,386.506854086531,1903.03400007378,1756.71809963123,385.693738227348,368.811650018125,1813.76748891108,1674.50499092034,365.103747238609,349.128356972384,1714.59543415111,1583.15784287396,603.137696112496,567.803835447122,3595.56377115661,3303.44097058662,575.516983403507,541.808433433817,3426.90498761637,3148.84240687063,544.793431086765,512.892397417405,3239.53077372715,2977.06756970804
290.839673251616,283.170423161182,937.185193474679,873.953374417845,277.518096668026,270.203959611074,893.152593582731,832.993376485079,262.700120514579,255.780818983018,844.238130683307,787.486130550381,1060.53002340876,984.428405425271,7473.72599277154,6846.3306114313,1011.95359086685,939.351159550148,7122.58131158142,6525.46025367522,957.920724267222,889.209793929143,6732.50546177747,6168.9680043181,248.07911323727,244.211635061908,574.044039537362,542.154631768281,236.716117837075,233.029113226243,547.07322040435,516.745211180647,224.076753289135,220.590316279326,517.112166914814,488.514915449604,1915.74150703615,1763.60396214101,14736.549101485,13482.3053193461,1827.99303496507,1682.84807522805,14044.1687850083,12850.4234578312,1730.3880641711,1593.01977020884,13275.024721185,12148.3923084507,419.121411330004,400.046743837973,2026.60866357706,1869.34959062407,399.924008960547,381.728514767197,1931.39071308123,1781.73785063894,378.570204616158,361.3523116894,1825.6160172248,1684.399796979,632.924282444043,594.840630420759,3842.31443848711,3528.34325851488,603.933868180104,567.602714616904,3661.78757894086,3362.97865159013,571.687055392322,537.304782303323,3461.24583953491,3179.25585135134
297.649581373532,289.381275262749,993.516862946469,925.562250766309,284.012952937941,276.12770616831,946.747674061094,882.107741284204,268.84470553071,261.385307467701,894.798601686922,833.833555283303,1128.133774644,1046.08733958946,8032.9038521353,7358.64508880506,1076.44897324839,998.176766694096,7654.75996036624,7013.16172073288,1018.9592405454,944.884341359941,7234.73497132073,6629.35971500321,251.511562782499,247.342071386392,602.439799477451,568.168768164031,239.988692973502,236.013863891255,574.080325144726,541.493621843073,227.171674464406,223.413138634574,542.579909069021,511.859873825361,2050.89400051908,1886.87178554269,15854.4449552459,14506.5149002009,1956.93345831397,1800.45350643895,15108.1069209707,13825.4439086913,1852.41981658492,1704.32772136748,14279.1087167395,13068.8332325756,436.063613598226,415.498966384793,2166.748020404,1997.74273052449,416.085610529233,396.469215365942,2064.74974528391,1903.95006992691,393.86379831616,375.301812289736,1951.4546641155,1799.75457684823,666.753667197314,625.695082716082,4122.13329569341,3784.71018681951,636.206731689303,597.038396940906,3928.08646471809,3607.02061866861,602.228942072811,565.162655937102,3712.54809924423,3409.62293522581
305.27363736495,296.339355054294,1056.41662867933,983.237496565217,291.284016246949,282.763872581559,1006.57700312647,936.982850888318,275.723398389953,267.663581681352,951.224003961026,885.603469075514,1203.81509091792,1115.15919943005,8657.23458541975,7931.13639712755,1148.64851423424,1064.07303958664,8248.80354907198,7558.03031641191,1087.28675142901,1007.24895054934,7795.19094712194,7143.58628946456,255.354677741275,250.849358264139,634.148966143368,597.243114493138,243.652669264859,239.357789931361,604.231083906072,569.146882835868,230.636540214516,226.575504540203,571.003618346505,537.937735180213,2202.19448014949,2024.95902844677,17102.587869583,15651.0240629655,2101.27571894079,1932.19435167856,16295.7219337095,14914.7496967788,1989.02381587853,1829.01047210576,15399.5986617997,14096.9005402859,455.030542287356,432.809329169465,2323.21962392294,2141.22064754755,434.178110262253,412.982055824087,2213.61476074003,2040.49076728519,410.983953529131,390.927816274616,2091.88516122893,1928.6006056706,704.625393695666,660.259287900073,4434.55794358537,4071.19257521372,672.334911437024,630.012384326007,4225.34435676012,3879.67060911461,636.418220206492,596.36818953498,3992.98709015163,3666.92916672396
313.717800481044,304.048151778791,1125.78869375285,1046.86617944895,299.33704119147,290.115835274122,1072.54691685933,997.50970646863,283.341573483885,274.61890188619,1013.42324765915,942.691320439704,1287.63707359472,1191.68416766307,9345.80127987925,8562.72395689581,1228.61204979506,1137.07801231802,8903.81151444062,8159.01803704557,1162.95948829331,1076.33935734567,8412.99287867188,7710.63725790979,259.611174811869,254.7350576672,669.121328583056,629.31855205434,247.710651548084,243.062399862126,637.476662548474,599.648131749386,234.473895792748,230.078872241413,602.336045378562,566.694324519347,2369.76958311873,2177.94640494283,18479.1485861779,16913.6770153262,2261.13983081529,2078.14707129449,17605.2166213571,16116.2495618588,2140.31274256297,1967.13986436521,16634.7369139283,15230.5771926723,476.037677720613,451.987480913351,2495.7908071933,2299.50916416113,454.21620440075,431.276212642737,2377.7576874061,2191.09443114137,429.944546852054,408.238975022739,2246.68485257607,2070.68229140946,746.570806487181,698.553047148241,4779.12762883593,4387.24742781933,712.348154669583,666.543479064453,4553.10896165557,4180.4023054519,674.282860407378,630.939102845664,4302.12086107719,3950.66729294716
323.332842258594,312.914048512137,1204.56818666056,1119.88816015099,308.506308607359,298.57103192128,1147.43925404339,1066.95102755369,292.015265416175,282.617493861845,1084.00885192607,1008.16410557832,1383.07522908677,1279.68761514399,10127.6766406036,9287.47254960383,1319.65386035978,1221.03066941429,9647.35236160901,8848.45355256127,1249.11250411726,1155.78731203155,9114.04706834794,8360.92100530886,264.458265623868,259.204406463221,708.839937306265,666.133472409376,252.331432739915,247.32327414329,675.22185868871,634.645332707404,238.843207891716,234.108045162628,637.895619004272,599.677611010887,2560.56675236915,2353.88045221206,20042.2415914249,18362.5663062017,2443.15115121551,2245.98581680508,19091.7002662239,17494.5674681675,2312.55385988729,2125.97601323652,18036.3117489548,16530.6508942314,499.956587986109,474.04297484373,2691.75292641918,2481.15223895687,477.030900596549,452.314298137441,2564.09142170115,2363.86811856227,451.531472524889,428.145785628936,2422.34856206961,2233.62358886768,794.32945870118,742.591185453609,5170.39416519289,4749.92567325624,757.905220599437,708.553091802667,4925.17840029731,4525.39659530395,717.391819524189,670.692960848502,4652.91472912571,4276.05606086813
334.062831569284,322.815545805113,1291.97653680472,1200.95873702496,318.738524192901,308.013605708183,1230.51046340656,1144.02657828651,301.694152959748,291.549867062063,1162.27632771179,1080.81308957355,1489.58269263165,1377.97428790098,10995.2027416751,10092.1279948166,1421.25176519912,1314.79054996453,10472.1035582145,9613.70470537334,1345.25109108337,1244.51329586073,9891.40561317272,9082.49694350603,269.867285338263,264.195616069101,752.908403186795,707.004887632701,257.48778859073,252.081542717776,717.088620779669,673.488903840151,243.718767522082,238.607467506088,677.324700215715,636.275098911519,2773.49364813395,2550.37287020759,21776.5652012377,19971.2049497287,2646.26647667741,2433.43160912625,20740.5403509279,19024.4581973392,2504.75882064179,2303.36152819421,19590.4381531037,17973.2567774849,526.649482368658,498.675313594151,2909.18089740183,2682.82027755109,502.490731063558,475.809763111693,2770.77597684271,2555.63958134165,475.620309343168,450.37710575536,2617.1312071087,2414.42707198621,847.627215859089,791.77498681438,5604.52151173641,5152.58951736058,808.744407609904,755.47002547831,5337.88517067294,4908.3279544707,765.497236674699,715.089173508769,5041.88934320722,4637.11702751938
345.559426910479,333.290539376453,1384.98304488811,1286.13738122118,329.701413444293,318.002813664331,1318.87423512307,1224.98551408339,312.063780958197,300.99906631075,1245.49969662701,1157.09793572385,1603.70262570787,1481.95798835935,11918.312289431,10937.5926034983,1530.10736001973,1413.98195956101,11349.4205232907,10417.5438542831,1448.2530814501,1338.37573542478,10718.0043272617,9840.2131092681,275.662587432848,269.475682575671,799.798087274733,749.945414165259,263.012194452959,257.115083340505,761.621663556943,714.287825354197,248.942151671784,243.367029314936,719.249434040887,674.702647867297,3001.63951393903,2758.25515263601,23622.0114492065,21661.4317482041,2863.89174404459,2631.73656537815,22494.4719527096,20631.4975689285,2710.68563679201,2491.01649698541,21243.0094764124,19488.1188580871,555.249960048262,524.735119737401,3140.53791883804,2894.71324542749,529.769082278798,500.66601016919,2990.63195147383,2757.07856737271,501.428664401942,473.895177850714,2824.25046509707,2604.28379082162,904.734181933609,843.809407938993,6066.46270947527,5575.67303100855,863.215167701389,805.104656348302,5776.89481102525,5310.56699368984,817.036778564347,762.055363800009,5455.50175262728,5016.26023485859
358.660867053293,345.331895022605,1490.77556030049,1383.99550857295,342.193828548154,329.48495512058,1419.33774019326,1317.95238575251,323.879256940798,311.85960389998,1340.0660426999,1244.64959748776,1733.73678239554,1601.47079819647,12968.1710026563,11908.7259073998,1654.13648706354,1527.98088353966,12346.7375147846,11340.4513331492,1565.60537202488,1446.24361640865,11657.1575689743,10709.7102150251,282.267773749949,275.546405208153,853.142480962447,799.288264610341,269.308126776924,262.901848239914,812.259962144145,761.146888670669,254.894488639643,248.838268511199,766.894291656714,718.812891265816,3261.5989069251,2997.18069128299,25720.8326054761,23602.8707941524,3111.85055267168,2859.64302515814,24488.2928194245,22476.5612728181,2945.3010560749,2706.67029621126,23120.5925973025,21226.4442384414,587.840186078791,554.688378889509,3403.67478420133,3138.11724159373,560.850938309608,529.234286860126,3240.57103536656,2988.36887864569,530.833622168622,500.923607828064,3059.58129756961,2822.15969717049,969.805717552814,903.615851991199,6591.84020123631,6061.65346395609,925.279446319603,862.1498124632,6275.95986141753,5772.39636576688,875.75753038321,816.030253415743,5925.44005476769,5451.34320326123
373.306419167072,358.812752736493,1608.49241894732,1493.14824637237,356.157767064097,342.339011976122,1531.0711356418,1421.60199138351,337.085618454001,324.016971105348,1445.18160323121,1342.2096361817,1879.08954510174,1735.26222537786,14136.2846895914,12991.854438358,1792.76942618815,1655.59320476841,13455.8653723689,12369.3318445683,1696.76713749843,1566.98558085615,12701.0226013069,11678.540474021,289.651782399336,282.343350816796,912.503949994656,854.331236384325,276.346013706298,269.380447212624,868.582566880598,813.394761357955,261.547757127998,254.963174474159,819.857123494945,767.96903449854,3552.18189806763,3264.6505249783,28056.053844533,25768.1946518857,3389.00460127882,3114.76453064138,26705.6367467789,24533.4761254472,3207.52435621248,2948.06181454078,25207.5126013161,23163.3525152014,624.270273353158,588.220998004062,3696.45779649749,3409.59925722533,595.593043723856,561.214710784068,3518.53684297349,3246.22363298271,563.699203025929,531.178419327303,3321.15510285286,3064.93144297362,1042.54338000463,970.56807320865,7176.4000927777,6603.68433158616,994.651837779563,926.007534612319,6830.97968516385,6287.25970293757,941.388509904926,876.44746439232,6447.77760200623,5936.13445338696
389.247459066273,373.426835349377,1735.91987705459,1610.97319830062,371.355944137967,356.272745261859,1651.957910831,1533.4305706233,351.458206763005,337.194543509243,1558.8385218562,1447.40654502287,2037.29395103035,1880.29274098401,15400.6927655706,14160.9598353997,1943.65105519824,1793.91782233762,14655.8009991016,13479.3358037838,1839.50768855871,1697.85455995466,13829.6666133686,12723.1576341251,297.689311277846,289.712044326641,976.765806691827,913.751704012549,284.006232007005,276.403579846626,929.52217904076,869.769168700387,268.788792429501,261.602321186357,877.125850189399,820.975947354376,3868.45671951099,3554.58818342984,30583.7737577602,28105.3894449982,3690.6456230447,3391.30123696165,29104.5155418002,26752.5638408995,3492.8960047076,3209.69899927979,27463.920048374,25251.7699571884,663.921865943656,624.571152902559,4013.38202482855,3702.63763708684,633.40513020995,595.880258250068,3819.26509264622,3524.41477712422,599.466453913152,563.971211082437,3603.97653719136,3326.69839316978,1121.71255941175,1043.14503270512,7809.152271602,7188.74503535365,1070.15377127834,995.226112848726,7431.44372782441,6842.72178522598,1012.8135326739,941.9323230301,7012.53990135261,6458.85147320427
406.248041257052,388.852948119473,1870.33000103953,1734.00703291756,387.563632478329,370.980206237116,1779.41187228737,1650.15779808742,366.784699127511,351.103311883468,1678.60734528871,1557.16212874742,2206.02704186964,2033.39746231594,16734.4833552667,15381.8720405043,2104.56603789344,1939.93701414384,15921.00778531,14638.0698805909,1991.73136698339,1835.99636600777,15019.0753389369,13813.1323455765,306.260318088644,297.489354090917,1044.54371479198,975.79230872608,292.174588228784,283.815955009513,993.767660778562,928.607121545059,276.509889876454,268.609254591492,937.470256692255,876.274894572052,4205.78148772618,3860.66914733865,33250.2093148239,30546.1664997765,4012.34650182249,3683.2223562651,31633.8921321527,29069.0833058047,3797.22766630206,3485.8775409858,29841.8175293019,27430.8770309326,706.21120725774,662.943691835805,4347.68888569976,4008.6512001554,673.730690617199,632.473008419917,4136.34452427638,3814.80981243562,637.609144800344,598.585487745711,3902.01870033141,3599.8238316492,1206.14982064089,1119.76161414469,8476.62037550114,7799.72479453618,1150.6758066959,1068.29434308668,8064.56561663982,7422.56316806974,1088.98321815947,1011.05578088786,7607.70424664616,7004.26000910928
424.960269382952,405.842007448785,2016.97345777945,1868.40281699682,405.402043996894,387.176973044824,1918.38937713259,1777.60138708018,383.652115869377,366.419545784737,1809.12093563817,1676.92474343171,2391.75073245176,2202.01753011479,18189.6627694909,16715.5353770501,2281.67361011287,2100.74472842783,17300.6023935083,15903.1868147526,2159.26111180438,1988.11914541512,16315.187292428,15002.4904253088,315.694132593142,306.054477441071,1118.49071774584,1043.56212726664,301.164733767847,291.978741324117,1063.82198739599,992.846655444342,285.007170687757,276.325129046301,1003.2283603646,936.615558475647,4577.07346048336,4197.76811167481,36159.3175556502,33212.3493447522,4366.41979422605,4004.70891484621,34391.9501890979,31598.2817337581,4132.16001650201,3790.0075921149,32433.0387999857,29808.6744939674,752.758678748332,705.204593748247,4712.42168290113,4342.92490136681,718.11397070335,672.771589042954,4482.09154738056,4131.86562486055,679.586933218649,636.70281339193,4226.7986617676,3897.85235659167,1299.08937272387,1204.14224095702,9204.83537718633,8467.12839321087,1239.30052099048,1148.76263580186,8754.92849582587,8055.63935921066,1172.81166011237,1087.17492339318,8256.26153864967,7599.39839469332
445.561751331296,424.504022633167,2177.19409109269,2015.14645833502,425.040023433979,404.96734086585,2070.13383687127,1916.66810853359,402.21944411473,383.241340901848,1951.51404407132,1807.51576319016,2596.22004150476,2387.23360351242,19779.4921806963,18171.638577237,2476.64298983673,2277.36744348579,18806.865489539,17283.6073505946,2343.67095665141,2155.18937652092,17729.2217188855,16299.3230753878,326.080755744019,315.463490367812,1199.28864317838,1117.56356248521,311.062081440353,300.945111868485,1140.31543242971,1062.9492618263,294.361024738146,284.799780952742,1074.9747281326,1002.41535703986,4985.84035970195,4568.04424072254,39337.601169195,36123.2964825571,4756.20182210742,4357.81200169727,37403.2339867266,34357.9842858441,4500.83930119644,4124.02054858783,35260.0080235271,32401.3312000672,804.004817772233,751.625618338903,5110.91043932222,4707.89515121717,766.973848411338,717.034023613324,4859.58915501081,4477.82464969763,725.794694432967,678.565997414143,4581.13199161594,4222.81698188536,1401.40989517181,1296.82828924235,10000.4376864469,9195.80962533391,1336.86355689517,1237.14516723221,9508.68123164863,8746.41888307651,1265.08678762872,1170.77379110307,8963.82856684957,8248.31901304857
468.718860168708,445.635865466478,2355.3520321633,2179.63852569824,447.112505896603,425.11095930261,2238.75282977335,2072.45980469107,423.086866400245,402.28683274452,2109.61739165302,1953.70862897642,2826.05876636025,2596.96827105579,21547.2986455021,19803.8541413957,2695.78710707296,2477.35812974077,20480.6225372103,18830.0452192994,2550.92858162574,2344.3492233477,19299.26203886,17751.0905011232,337.755532131732,326.117418787802,1289.13278133573,1200.51543749465,322.186155473936,311.097228205441,1225.3156264967,1141.48285448634,304.873436269421,294.394475868728,1154.63713382968,1076.07630289014,5445.32532724343,4987.33760656297,42871.6838244694,39386.31593667,5194.31442675785,4757.63274416539,40749.366656913,37449.5845626148,4915.19718166839,4502.19632123818,38398.8672024259,35303.7370240683,861.608845179475,804.191284248685,5554.009798617,5117.00779494,821.891636056102,767.152151603264,5279.0644441332,4865.39069755556,777.727155367859,725.963896081506,4974.55816243764,4586.60561017262,1516.42548576051,1401.78361593972,10885.1060809875,10012.6232437586,1446.52344869776,1337.22080562077,10346.2504773589,9520.27553659404,1368.7943040239,1265.42567765566,9749.45945707707,8974.76723994823
493.52059788472,468.059053598339,2544.67786274645,2353.1189693947,470.750246134863,446.483414540875,2417.78920456098,2236.63462434606,445.431385867778,422.491916095345,2277.32194327426,2107.62609565512,3072.20703385989,2819.50398228727,23425.7828339903,21525.1207348961,2930.45967914807,2689.5362955631,22257.671572907,20459.5819631658,2772.84777971251,2545.0156757005,20964.5588281243,19279.4783679601,350.260242002537,337.423224339888,1384.61649861962,1288.00776562428,334.099722238729,321.869383670823,1315.57350822543,1224.24866371413,316.130496501833,304.573927828841,1239.14211863765,1153.63430309061,5937.41418314302,5432.22056813588,46627.010554529,42827.3449717235,5663.4701570288,5181.81725768153,44301.9853731194,40707.3012288317,5358.86597120926,4903.375436918,41728.1554179662,38359.314226079,923.301661126373,859.96654246482,6024.86204347337,5548.45259462554,880.701818311621,820.325595065166,5724.43626262893,5273.79251061333,833.334141613745,776.245879319562,5391.86142330054,4969.6014695202,1639.6034588323,1513.1456892105,11825.1689736907,10874.0086414546,1563.9544383707,1443.39581598184,11235.5146976926,10335.7223303329,1479.83868388495,1365.83581846301,10582.7605582363,9739.56043890061
520.880834287354,492.854880337263,2752.19059737531,2544.09371518256,496.823464298901,470.114863424392,2613.8352830291,2417.20275667242,470.074979665954,444.82975323014,2460.75397629005,2276.73515383582,3343.7300347299,3065.56711569961,25484.518712482,23419.7555602608,3189.29681251582,2924.12375508564,24203.3870574205,22251.6555286627,3017.58815936788,2766.85000625915,22785.8966139202,20958.5755130395,364.055875459118,349.926423812614,1489.28348115642,1384.33474709088,347.241622714935,333.781036283919,1414.41574471112,1315.28870463779,328.546469849222,315.82865159652,1331.57937169765,1238.85513616534,6480.22914974972,5924.13626499617,50742.6610633335,46614.9353626925,6180.93385638327,5650.80029808347,48191.7779122496,44289.9364439736,5848.15835879344,5346.87248350455,45369.3884469752,41716.1759632722,991.355674019582,921.640240551561,6540.91195039448,6023.37070832455,945.569030778993,879.116345400906,6212.09391616226,5722.94488206459,894.660509569606,831.833154753717,5848.27773907715,5390.37521292503,1775.4804773584,1636.28254065956,12855.4475371803,11822.1656590148,1693.47830527651,1560.78548173873,12209.1916299657,11232.5150958994,1602.30305926216,1476.83876756668,11494.1506973801,10579.7753129568
550.551157743055,519.65194478022,2974.32498093808,2747.90455705281,525.09534143957,495.651366985968,2823.50077053269,2609.74992308645,496.7935197344,468.966015428097,2656.7180164985,2456.89171649772,3638.18357878278,3331.49896201046,27688.3027682648,25441.7648063328,3469.96496754372,3177.63083312519,26284.2644091606,24162.6455715793,3282.9393560313,3006.55047583441,24731.6662960297,22747.3915410194,379.016005221057,363.438218964285,1601.32621430998,1487.13454451519,361.491467399627,346.652513984812,1520.12501383663,1412.36683740705,342.007650883999,327.989101161279,1430.33200250566,1329.64171318712,7068.88627108042,6455.77342837152,55148.2780882169,50657.1650843038,6742.04232408852,6157.60801312085,52351.7795623756,48110.3073963518,6378.65694038173,5826.08876487366,49259.3866046212,45292.391358931,1065.15656124581,988.29310237943,7093.32127984357,6530.2145990648,1015.90694093984,942.64794903322,6733.62804424716,6201.89920286412,961.151167753355,891.896758817654,6335.8760629298,5838.64167753659,1922.83223373483,1769.36172903568,13958.315129067,12834.0646674835,1833.92628048327,1687.64226223233,13250.506832552,12188.8146591533,1735.08056544396,1596.78133091955,12467.806141699,11474.8916320518
583.170091151195,549.15141541675,3216.37497840244,2970.62615950977,556.172900857952,523.759893169491,3051.70629532787,2819.94517120767,526.159293867821,495.529584825551,2869.73094135118,2653.32403758304,3961.88632878761,3624.23574830962,30089.4839316347,27651.2107331458,3778.47535204257,3456.65924205531,28548.9932433265,26248.6405339977,3574.57166924949,3270.34767693975,26846.5970682599,24697.6961221256,395.463637475967,378.313381659292,1723.42448400832,1599.48257142725,377.156088050781,360.821035796711,1635.19035318234,1518.35098540151,356.803043529453,341.373029987981,1537.6828240508,1428.63670108762,7716.01548176739,7040.99612167355,59948.4938796701,55074.0824823228,7358.81139840654,6715.43628391003,56879.3120796042,52280.5242696023,6961.69654952913,6353.47888461843,53487.5594308367,49191.442880713,1146.28946428944,1061.66547089241,7695.22647069908,7084.05692305796,1093.22330856873,1012.5764465041,7301.25411879301,6724.72773229169,1034.22802604579,957.999271439131,6865.87528927112,6327.38605158081,2084.82175227857,1915.8555632954,15159.9789715626,13939.7748823245,1988.30732142318,1827.27070844109,14383.8338263729,13232.6986661942,1881.00923842442,1728.78207553523,13526.1158869715,12450.8227427966
618.758049260089,580.942494232715,3477.06144327208,3208.37096624829,590.07488414749,554.048226925841,3297.19221806083,3044.07110745061,558.189116330448,524.149052309991,3098.55997486945,2862.50640775125,4315.05134993167,3939.70472782108,32675.4390197785,30009.5635703507,4115.02270444258,3757.31928377405,30985.1307387619,28472.7814727781,3892.65998992731,3554.55575899815,29118.4982705816,26774.5123415993,413.408422577682,394.344596057311,1854.92932901589,1719.41582529376,394.244453819631,376.08871949965,1758.97341175297,1631.3649755415,372.940734457097,355.793118749525,1653.0078465054,1534.06163453803,8422.04390666471,7671.66280129631,65118.0807767845,59788.6664637976,8031.63141570386,7316.50931898517,61749.5068730581,56726.9041075778,7597.62763117575,6921.67434704287,58029.5408225978,53343.4078229732,1234.80693599299,1140.73620281511,8343.45770202723,7675.23640050522,1177.56618978801,1087.92673419859,7911.8486382013,7282.18950025967,1113.93426197816,1029.21683771268,7435.21635678823,6847.84073056882,2261.55507199835,2073.7257021575,16454.1181412758,15120.0121471561,2156.71836388861,1977.72426333006,15602.9426640794,14345.7201569556,2040.17617725192,1870.99648335784,14662.9769946744,13490.0646009124
658.14306107104,615.940531171212,3762.46795640596,3468.44759626187,627.5884868205,587.387116613496,3565.58843610299,3288.93270322937,593.624978421098,555.645635626183,3348.34707104232,3090.69876149469,4705.88602456261,4286.97671697431,35506.3912740592,32589.1791697106,4487.41324573278,4088.2435536927,33648.440313054,30902.475634146,4244.56574493499,3867.3212492244,31598.3346356712,29039.8897649733,433.268450484636,411.994076310333,1998.91665026679,1850.62915664651,413.153779002331,392.895098992765,1894.3188881221,1754.84698535852,390.794943175179,371.663657087649,1778.90331756575,1649.07703826712,9203.37819828313,8365.90581272663,70777.4171918859,64945.5475914455,8776.10742164019,7978.08399929963,67073.8312877467,61584.1900024087,8301.16659673513,7546.96083486308,62987.209707385,57872.3242146557,1332.76688503165,1227.77989828129,9053.12183659134,8321.90285341173,1270.8926199056,1170.86318682799,8579.39708208506,7891.189858378,1202.11510774512,1107.59157125964,8056.67833643089,7415.56392802627,2457.13994124318,2247.51216941871,17870.8783153726,16410.9949588434,2343.0661592518,2143.3233022812,16935.7448257177,15561.6184461413,2216.26531917565,2027.50146638433,15903.897100136,14623.672540276
700.798789164247,653.35731569444,4065.85237034281,3742.33191095368,668.211672204301,623.025480015777,3850.50160002681,3546.4759836832,631.991862854456,589.30952875508,3613.0871823439,3330.36645739187,5129.19053141276,4658.25863676084,38515.6464770485,35305.7424869368,4890.68334723271,4442.00096182191,36475.637901116,33458.0073557731,4625.5882966112,4201.61547042925,34226.6211972104,31419.1964211963,454.777021830297,430.86279647692,2151.97491016782,1988.80907548903,433.629911437545,410.860175305512,2037.99403423009,1884.72424293899,410.125394139745,388.625875095561,1912.335292489,1769.87590541635,10049.6258005568,9108.14898814458,76793.1954948357,70376.1987079996,9582.31857201932,8685.30705253645,72725.7892883281,66693.0422142772,9062.91766317709,8215.28873905602,68241.6589913806,62629.0074389792,1438.86407941888,1320.8408665808,9807.48471370804,9002.90032187988,1371.9569545376,1259.52139910781,9288.02432487479,8531.73121192732,1297.59127807572,1191.36052019306,8715.34285171806,8011.83811537685,2668.97289574263,2433.31346432678,19376.8719681548,17770.5143765884,2544.86573721376,2320.34791757547,18350.5621829582,16840.4899265271,2406.92361559606,2194.77883619228,17219.1023001558,15814.2908748422
747.377414979486,693.75750590399,4392.21734578722,4035.24014637662,712.563274461,661.499248411059,4156.50625942197,3821.50411518077,673.871720524163,625.644870920613,3896.89962912033,3585.87040568342,5591.41881896979,5059.13073013492,41752.6487259637,38210.7914989769,5330.9607996961,4823.89185014165,39511.9667516399,36186.8666577226,5041.49435863044,4562.42875041837,37044.1325349629,33955.5866650084,478.264003522172,451.236763639998,2316.63782677245,2136.59840160053,455.985630952324,430.255213973478,2192.31400992927,2023.42842066858,431.226018517198,406.934655610683,2055.38670926685,1898.66394733442,10973.687043863,9909.54542370228,83264.2391213153,76183.6263383297,10462.5136043101,9448.77250225431,78795.8117429942,72148.3805382879,9894.40840094546,8936.63305866813,73874.3913187299,67699.7158421116,1554.71764947905,1421.31970979947,10618.9558988665,9731.16536946225,1482.29619608099,1355.23134338431,10049.0830081242,9215.73121119134,1401.80882670776,1281.77552532703,9421.43847200522,8647.48978226401,2900.28470717659,2633.92338223304,20996.8534911857,19224.3740793005,2765.1843973329,2511.45152708138,19870.0442559627,18206.1096928084,2615.03733363671,2375.32659812486,18629.0031255843,17083.5220764748
798.853436522714,738.097705481329,4745.81194594489,4351.85828642322,761.569742979935,703.718664093058,4487.48171823187,4118.34679068541,720.137767914643,665.510503875595,4203.27329437892,3861.15994678998,6102.25834117234,5499.10570428351,45259.5919620989,41350.8896254808,5817.45674938888,5242.9689060512,42795.9629337889,39132.0885486206,5500.967382363,4958.30372789729,40085.5400377114,36688.3267331301,504.219830869261,473.597260941679,2495.04639420193,2296.35654634372,480.687131584349,451.538087729341,2359.23276501452,2173.13892114044,454.536118444975,427.021991232466,2209.81403098752,2037.42846263361,11994.9304572478,10789.1145901477,90274.9031540043,82460.9244467934,11435.1089783022,10286.5802929702,85360.9420330911,78036.2460512725,10813.0002856747,9728.07399220017,79954.7253080855,73162.9565356518,1682.75427647432,1531.5990393239,11498.1086117187,10518.3635014719,1604.2175771754,1460.26037154496,10872.2285771418,9953.97042163168,1516.94270435572,1380.97604223633,10183.6510849308,9332.35442886395,3155.92228238813,2854.10126109504,22751.9364053889,20795.8722148245,3008.63063485402,2721.16321654186,21513.4733460388,19680.0097972947,2844.95093045326,2573.41859173453,20150.9474025243,18451.0118796463
855.5041202784,786.381604198535,5126.79797416693,4691.34473892995,815.492241674118,749.685179951831,4843.42367328367,4436.0954204319,771.033518016631,708.905512450555,4532.04094279242,4155.26657120964,6664.45843394443,5978.21582543623,49038.0207625996,44717.6379393619,6352.76226969839,5699.24293790961,46327.5344010608,42284.6156423856,6006.4244185888,5389.22849559693,43349.1467559645,39607.7706106411,532.784451447906,497.946352764922,2687.28559698096,2467.66179051586,507.866151962575,474.709748846413,2538.75080877318,2333.39985499896,480.178468079432,448.887557293573,2375.53506785344,2185.68301352335,13118.85211668,11746.9205153404,97828.2682533431,89191.297008671,12505.2845020162,11198.7515562305,92420.9907886166,84338.5269728678,11823.5254189486,10589.5873643561,86479.2642934047,78999.441765566,1823.66317189573,1651.6873074652,12445.3351069448,11362.3935973092,1738.3705989083,1574.61147325958,11757.4421103467,10744.1821138708,1643.59866782957,1488.95934371032,11001.558567643,10064.0172444475,3437.26160680622,3093.86348036667,24642.8969921994,22480.8083569754,3276.50115483176,2949.48862934941,23280.8062072703,21257.6599400306,3097.87391830984,2789.04906107428,21784.0879471257,19911.9350331787
917.882180249548,838.939692994113,5534.7248193041,5052.73436886655,874.85472522231,799.712212399843,5223.77751065175,4773.76172047232,827.051013238666,756.124454753397,4882.55316667515,4467.18846121766,7283.52396075754,6499.76122044186,53083.5403727378,48301.5749184641,6942.09492642918,6195.84279379919,50101.2450609615,45634.7379117135,6562.76566762497,5858.14269330451,46828.5628825145,42704.0533584146,564.235435970507,524.449609442252,2893.12395844152,2650.02100483211,537.785803798344,499.927195136087,2730.58487233711,2503.70749290161,508.400187750366,472.67899710819,2552.21929693891,2342.91819177657,14356.4592507459,12789.5629218719,105915.557651436,96355.8421437783,13683.4728956581,12191.5434397711,99965.0978469818,91035.8225830006,12935.7819624471,11527.0518468602,93435.2402688425,85189.4587709631,1978.82250468497,1782.40994443668,13459.5274137136,12260.8744618848,1886.06142523341,1699.06731941007,12703.3554367956,11583.9244082188,1783.00344658791,1606.46082762404,11873.554805214,10839.9992671676,3747.05633644681,3354.86036971375,26667.5317333885,24274.4412807803,3571.40591917091,3197.99246991829,25169.3186439146,22934.1955760625,3376.25752021094,3023.6881164468,23525.2241643355,21461.3506142639
986.938889707683,896.54458916951,5970.72594842653,5437.21366955793,940.559646183417,854.53380135492,5629.45044306394,5132.36319637698,889.038900850962,807.858649175924,5255.49309583203,4797.77287594744,7968.91531713083,7071.43089671315,57407.441220955,52114.5566551246,7594.43184733846,6740.07382358477,54126.1395012669,49192.6285746355,7178.43398875859,6371.92692836112,50530.6078171956,45985.6501142752,599.051317032412,553.495349981045,3113.13065457903,2844.02795060857,570.900080583764,527.559363104676,2935.18994269112,2684.57067532052,539.628046247166,498.743721624323,2740.20894759443,2509.55747754885,15726.6669198744,13932.4156532953,114559.34708341,103978.271080217,14987.6231719775,13279.5627381491,108011.349563509,98148.4789430041,14166.650756563,12554.2250190414,100836.290840251,91749.9581739822,2150.60163264105,1925.69230671305,14543.51182533,13216.7708362997,2049.53835687352,1835.4571376627,13712.2319545853,12475.7407607713,1937.2714154287,1735.20336396075,12801.3455508455,11662.419069459,4090.03954765608,3640.93850266934,28831.4882901966,26182.6994425762,3897.83616154553,3470.32937210286,27183.5344701459,24714.7033654255,3684.32560642336,3280.77788437689,25377.7663061982,23103.4960844122
1064.50638788726,960.890952370611,6445.58415895157,5857.16936232613,1014.34423337063,915.757995447619,6070.17050072321,5523.20134100936,958.629469781669,865.620423912129,5659.48710644924,5157.17415575144,8738.79648501275,7710.01283625992,62116.3555008771,56279.0855678239,8327.00293231773,7347.87443700515,58498.4788599144,53070.1268694066,7869.62663171853,6945.57959462694,54540.7063990565,49553.1250463743,638.15693912747,585.9397366829,3352.76352884902,3055.95179413846,608.085416167676,558.418215862174,3157.48670107136,2881.70548056664,574.685181958457,527.844923624751,2943.86381514855,2690.73243959617,17265.7854813073,15209.0371585041,123972.768103047,112303.43692956,16452.1792654135,14494.6704594633,116752.154816771,105900.044120233,15548.5123998676,13701.0897539379,108853.172277456,98881.9593174495,2343.55473998557,2085.74459968316,15724.0460260469,14260.8220656675,2233.12068274617,1987.77742033741,14808.2218923723,13447.6889312862,2110.46233339115,1878.94695434588,13806.3569902569,12556.4993036279,4475.30198724337,3960.50067854772,31188.1491993341,28266.9099134864,4264.41476578676,3774.47643193186,29371.6408815263,26655.1682439931,4030.18377496391,3567.82449345563,27384.4734598567,24888.7078858143
1151.06930638278,1032.01254134182,6954.12661589672,6306.29122334153,1096.66442429591,983.414081816074,6540.89085307963,5940.23697171882,1036.24719554646,929.434160318643,6089.66086383436,5539.67048611829,9598.00481394136,8415.87138892748,67159.0729785366,60732.733928525,9144.3585421433,8019.5600067635,63168.2727714583,57207.4486768846,8640.57918034746,7579.36376191765,58810.5453914579,53349.7934052159,681.795110599471,621.798154038681,3609.40736000051,3282.59996081863,649.570308472464,592.517087456196,3394.92518279075,3092.05854313427,613.784296806068,559.993632254299,3160.72283256283,2883.55254934368,18983.4887332093,16620.1590051751,134053.457840181,121206.559172394,18086.2408901597,15837.4999183154,126087.586013977,114171.017243142,17089.8369527045,14968.1744112909,117389.305979836,106472.152201342,2558.89187390699,2262.65567725814,16988.2843323296,15377.3650084326,2437.94678623274,2156.10507001263,15978.787841016,14484.7722538707,2303.63585217448,2037.75576855604,14876.4749502161,13508.024308121,4905.26285201464,4313.72758084882,33711.8805477204,30495.8213250884,4673.41736946755,4110.59003461226,31708.6161503591,28725.6643943925,4415.95029434269,3884.9584274103,29521.1650972857,26788.6140071527
1248.05184161773,1111.06081737087,7497.34541350255,6786.19559930421,1188.86773982124,1058.5933342102,7042.23552778923,6384.76525918352,1123.15504338723,1000.32479026474,6546.28833106307,5946.24121311667,10560.691919426,9200.45107065224,72545.3819093397,65491.5233624202,10059.891393,8765.97933742088,68141.6737761831,61617.4404379059,9503.84753509367,8283.47029758265,63342.8181094385,57385.3773521915,730.68294281163,661.650250246378,3883.56561285466,3524.78850251696,696.033091186251,630.40522374791,3647.82228812297,3316.2833048557,657.561016693275,595.705595497271,3390.92556177251,3088.51142696713,20908.0697882758,18188.6624564241,144820.978038826,130719.665321437,19916.5843422568,17329.7415626031,136029.938500315,122987.07952674,18815.7281196737,16375.854194667,126450.073418336,114539.973066116,2800.15851772548,2459.29253758372,18338.6848507433,16570.4168931596,2667.37167995773,2343.15767062211,17225.4752331524,15590.2111222204,2519.93715175784,2214.1823749171,16012.3766300208,14519.4305678289,5387.00298503715,4706.34537945277,36407.5838865015,32877.4523829123,5131.54491837165,4484.09822521241,34197.5414141337,30932.6208939632,4847.90729455273,4237.27834904939,31789.1904553071,28808.0794956366
1357.88156407827,1200.23880649776,8084.72717345991,7307.57145880919,1293.25109675732,1143.38375103902,7582.50650362015,6866.33470409431,1221.5059003956,1080.25324901811,7036.47217125284,6385.25831283971,11650.9453775965,10085.6083228368,78369.0553186481,70661.1822563989,11096.400563234,9607.85521647824,73500.7946519465,66394.6060820692,10480.8098523209,9077.36953637849,68207.8275857173,61742.7970283959,786.044685954391,706.607164997554,4180.04226748599,3787.92641796903,748.631670659025,673.135335535367,3920.37937736792,3559.20852453187,707.100121923601,635.969012037425,3638.06353313753,3309.83949533507,23087.6829472564,19958.2411205439,156462.753267242,141054.083140042,21988.7888692179,19012.823530513,146743.337045652,132537.129827237,20768.9253744683,17963.054296478,136176.000272503,123251.173379615,3073.39220016318,2681.13372347277,19798.7818572027,17866.5065941514,2927.10933408511,2554.12897693697,18568.8878321838,16787.7132732013,2764.72322385882,2413.10597023019,17231.698070692,15611.5147750592,5932.57659271753,5149.29192398329,39322.2063443511,35464.7318147045,5650.2064100579,4905.37105520903,36879.523444446,33323.3442094869,5336.75210006211,4634.52715731819,34223.7412423403,30988.6088530071
1481.86046731281,1300.41571753985,8716.46476619646,7869.77957657696,1411.03756002545,1238.60278304996,8161.362368464,7383.95906293142,1332.43643192613,1169.98022440123,7559.38522503131,6855.42289644164,12881.6858257043,11079.9719687215,84631.827783764,76235.2494371227,12266.0283801368,10553.3053814968,79242.1049530257,71529.0630734492,11582.7555203465,9968.61851935838,73397.255053206,66409.0865775025,848.536837665485,757.107024487273,4498.94459930158,4071.69794998683,807.982514884165,721.119300655742,4212.43224168822,3820.34217479672,762.974260753795,681.166985107923,3901.72578358694,3546.88602665717,25548.1584477262,21946.1455921951,168982.231136983,152196.882593437,24327.1292908275,20902.9749390192,158220.707807071,142801.400807991,22971.9989510572,19744.8832922302,146550.443763432,132579.82400004,3381.83136021895,2930.34175144276,21369.0252517288,19264.0245698874,3220.20269614429,2791.05321327754,20008.1528124918,18074.8097357089,3040.82294716876,2636.41993858661,18532.3635440192,16781.0335106064,6548.44951538428,5646.8851568012,42456.6261205929,38254.4328589658,6235.47792447939,5378.47060276102,39752.8035260031,35892.894181357,5888.13380495367,5080.48613292245,36820.6606847357,33323.7178662351
1621.11582021121,1412.25119331184,9387.74733733749,8466.26817774539,1543.2818052027,1344.86824665351,8773.89985762797,7931.25909684085,1456.92201616294,1270.07782924295,8110.11660604044,7350.59955982205,14264.1168445133,12190.1136628501,91285.972515894,82148.8102224731,13579.2592444814,11608.4849955304,85316.9513227421,76957.5785562877,12819.3837921118,10962.9172680319,78862.3569640565,71323.3972400232,918.726856214188,813.481039925905,4837.84594202806,4372.7936198585,874.616391820149,774.667316567376,4521.50811043862,4096.46359577594,825.674152151894,731.58674126295,4179.43657127694,3796.55524692924,28311.8957663021,24165.5164061577,182284.000459691,164018.301383307,26952.5675105478,23012.5036044977,170364.786284575,153653.489066865,25444.3413228043,21732.7388732627,157475.957377511,142404.283497288,3728.28264912724,3208.56160435287,23037.4515205303,20746.6918518474,3549.2780454623,3055.47103864039,21531.0750847528,19435.6456733547,3350.66564558484,2885.55106457678,19902.1566539658,18012.7325101044,7240.22738585239,6202.41229112041,45786.9585189915,41214.064642056,6892.60509156029,5906.47569100438,42793.0338560986,38609.623300999,6506.90502776683,5578.0064652702,39555.5567573293,35782.954086533
1777.28640702074,1537.23243223972,10103.9451385972,9103.49734304315,1691.51581326006,1463.57761133791,9424.38332826627,8513.64529591057,1596.37812304039,1381.84521608284,8691.88301631355,7875.1696562665,15814.4755500668,13430.7639193865,98384.4671932706,88465.6019236513,15051.2799339644,12787.2434693611,91767.4153898215,82733.5613642112,14204.7352091933,12073.1494424119,84634.8894234662,76529.008148064,997.442565640644,876.480682777875,5199.4716904394,4694.49153578063,949.306679401203,834.485069533824,4849.77043814872,4390.31662564292,895.913840653766,787.883870616324,4472.82710531178,4061.06750280835,31411.3523547076,26645.7989053762,196473.936168595,176645.718129647,29895.4623070428,25369.0944251846,183259.673206707,165200.13477348,28214.0208685006,23952.3763598576,169016.00765393,152811.050940808,4116.8179234912,3519.4876812654,24817.365492398,22330.5147565752,3918.14315387515,3350.85525443333,23148.2219896372,20883.6312895995,3697.77097022346,3163.72925331677,21349.0507334453,19317.4760535059,8016.03713881739,6823.24642639148,49339.732742716,44375.5438425665,7629.18874886832,6496.31799275147,46021.2864563735,41500.2746595766,7200.09238242791,6133.53598362832,42444.3303216492,38387.9867516919
1949.48496539614,1674.6378692375,10845.3925138927,9756.52374698103,1854.87283029287,1594.03526073081,10094.5750369687,9108.15320938898,1749.96262327667,1504.61626088898,9288.04057106228,8408.31049431256,17523.9670727033,14794.8239516819,105732.683195123,94938.8122131803,16673.4965908089,14082.7287295413,98412.8976574752,88629.6461009037,15730.4560424228,13292.7439880317,90549.9223012517,81819.614436226,1084.23595016626,945.738659838497,5573.87637018862,5024.17438664295,1031.61598418763,900.218957365427,5188.00155737793,4690.29249557024,973.268562744094,849.720277225601,4773.49158859112,4329.90471983334,34828.9472009109,29372.8084691335,211163.006166172,189585.799439828,33138.6340785955,27959.0547770069,196544.36726142,176986.860430265,31264.3375772912,26390.6636850995,180840.901979844,163387.729927253,4545.23197761855,3861.33556361679,26659.9409668348,23953.5718358077,4324.6434750351,3675.48417084361,24814.2954850658,22361.7353414907,4080.04487078502,3469.30422119912,22831.6875179163,20643.5278179561,8871.47700882842,7505.83168059777,53017.5217095976,47615.3186449527,8440.92784692392,7144.56568833529,49347.1628925602,44451.0389585985,7963.51524493105,6743.78413949751,45404.4324456987,41035.5566907127
2142.23630540727,1829.18631187921,11658.0541880864,10471.9054572956,2037.59874583488,1740.68864325518,10825.0127717655,9756.26329249463,1921.61615999511,1642.54045086324,9933.6754957364,8986.31738172413,19437.3718725309,16328.9908163789,113785.369485358,102028.906830617,18487.9531715552,15538.9796219249,105654.688074674,95056.327762817,17435.5965333797,14662.8190707483,96955.0251064319,87554.6615291617,1181.39544147049,1023.64162005787,5984.31444931714,5385.40538673077,1123.69016254013,974.116927495999,5556.69748241865,5017.37082083515,1059.72836153633,919.191621304295,5099.1560721017,4621.40937509644,38654.1891693475,32439.8847102697,227260.164213074,203758.908349025,36766.1247008731,30870.4140739808,211020.993958613,189834.177215555,34673.3525032202,29129.7953152149,193645.413593855,174852.821695667,5024.75889991838,4245.82039597385,28679.2734000066,25731.4056916961,4779.32449052625,4040.40381127318,26629.9586617181,23972.9407153341,4507.27955666798,3812.58688820846,24437.2337754843,22081.0413902519,9828.96322412254,8273.54386943437,57047.9720942313,51163.9060689185,9348.86738284148,7873.26244212631,52971.5351327035,47667.4030811812,8816.71854860321,7429.33094857561,48609.830902488,43905.5814650786
2356.42484520148,2001.22657480301,12535.6842808134,11235.6779148244,2240.48890279479,1903.84454981531,11609.1897941334,10444.7065593496,2112.03926877984,1795.87989193786,10622.2320049858,9596.78843222215,21563.4849772085,18036.7701255914,122480.866750026,109597.744350386,20502.5630215197,17159.0798013479,113428.481133801,101882.261880839,19327.1290761532,16186.0097332339,103785.334315812,93611.2955108963,1289.36595442604,1110.36304438135,6427.6185854728,5771.11867519022,1225.92923225257,1056.33147961658,5952.56249534525,5364.84238054574,1155.64539096119,996.428235262271,5446.50410423807,4929.31581320181,42904.6629547401,35854.0407338094,244642.180566724,218888.929272831,40793.7564871131,34109.341191393,226561.027102641,203479.545563963,38455.0066399044,32175.042859894,207299.892430142,186960.747859428,5557.60153139273,4673.81717194577,30859.8813549113,27629.355658552,5284.16791902806,4446.38375919655,28579.071687609,25684.2991182706,4981.22090110042,4194.23486189648,26149.4157300579,23599.2062981736,10892.8960134092,9128.13482210542,61400.2098186184,54952.1518891633,10356.966288723,8683.94910639645,56862.2081851873,51083.6200394934,9763.19029427767,8191.49314520884,52028.055258645,46936.5693857613
2594.12967742691,2192.44457284285,13488.368599784,12049.9882071793,2465.45518323353,2085.06797247945,12455.0628471679,11174.7318583016,2322.96373733388,1966.06852006278,11359.7569599026,10240.2049224209,23922.914049736,19934.8895488119,131919.149962977,117666.616673778,22736.2850842852,18958.5635365379,121813.197105707,109119.848790386,21422.2372924754,17876.5563064115,111100.86972094,99994.3109320521,1409.19722267279,1206.75318711167,6908.88077043545,6182.39773470446,1339.2979521867,1147.65155252335,6379.61093892824,5733.33648022824,1261.89298767856,1082.15253492948,5818.58403491595,5253.86569572668,47621.5633406037,39648.7172999733,263508.907033185,235018.426085491,45259.4294023721,37706.8919410478,243322.235186117,217947.756486374,42643.652405482,35554.8760637015,221924.328339124,199721.095411052,6148.92708144384,5149.51873544078,33226.8321603236,29652.759615034,5843.92682271548,4897.31721409737,30681.4185553706,27498.9180183956,5506.1759950908,4617.81648997779,27983.2757422648,25199.2225970626,12073.5894042618,10077.9756732312,66124.2714278733,58990.7119679365,11474.7129099276,9584.39932226302,61058.6780848018,54705.8949423924,10811.5297609468,9037.39642814081,55689.1404118485,50130.9187245051
0,0,0,0,0,0,0,0,0,0,0,0,0,0,0,0,0,0,0,0,0,0,0,0,0,0,0,0,0,0,0,0,0,0,0,0,0,0,0,0,0,0,0,0,0,0,0,0,0,0,0,0,0,0,0,0,0,0,0,0,0,0,0,0,0,0,0,0,0,0,0,0
0,0,0,0,0,0,0,0,0,0,0,0,0,0,0,0,0,0,0,0,0,0,0,0,0,0,0,0,0,0,0,0,0,0,0,0,0,0,0,0,0,0,0,0,0,0,0,0,0,0,0,0,0,0,0,0,0,0,0,0,0,0,0,0,0,0,0,0,0,0,0,0
0,0,0,0,0,0,0,0,0,0,0,0,0,0,0,0,0,0,0,0,0,0,0,0,0,0,0,0,0,0,0,0,0,0,0,0,0,0,0,0,0,0,0,0,0,0,0,0,0,0,0,0,0,0,0,0,0,0,0,0,0,0,0,0,0,0,0,0,0,0,0,0
0,0,0,0,0,0,0,0,0,0,0,0,0,0,0,0,0,0,0,0,0,0,0,0,0,0,0,0,0,0,0,0,0,0,0,0,0,0,0,0,0,0,0,0,0,0,0,0,0,0,0,0,0,0,0,0,0,0,0,0,0,0,0,0,0,0,0,0,0,0,0,0
0,0,0,0,0,0,0,0,0,0,0,0,0,0,0,0,0,0,0,0,0,0,0,0,0,0,0,0,0,0,0,0,0,0,0,0,0,0,0,0,0,0,0,0,0,0,0,0,0,0,0,0,0,0,0,0,0,0,0,0,0,0,0,0,0,0,0,0,0,0,0,0
0,0,0,0,0,0,0,0,0,0,0,0,0,0,0,0,0,0,0,0,0,0,0,0,0,0,0,0,0,0,0,0,0,0,0,0,0,0,0,0,0,0,0,0,0,0,0,0,0,0,0,0,0,0,0,0,0,0,0,0,0,0,0,0,0,0,0,0,0,0,0,0
0,0,0,0,0,0,0,0,0,0,0,0,0,0,0,0,0,0,0,0,0,0,0,0,0,0,0,0,0,0,0,0,0,0,0,0,0,0,0,0,0,0,0,0,0,0,0,0,0,0,0,0,0,0,0,0,0,0,0,0,0,0,0,0,0,0,0,0,0,0,0,0
0,0,0,0,0,0,0,0,0,0,0,0,0,0,0,0,0,0,0,0,0,0,0,0,0,0,0,0,0,0,0,0,0,0,0,0,0,0,0,0,0,0,0,0,0,0,0,0,0,0,0,0,0,0,0,0,0,0,0,0,0,0,0,0,0,0,0,0,0,0,0,0
0,0,0,0,0,0,0,0,0,0,0,0,0,0,0,0,0,0,0,0,0,0,0,0,0,0,0,0,0,0,0,0,0,0,0,0,0,0,0,0,0,0,0,0,0,0,0,0,0,0,0,0,0,0,0,0,0,0,0,0,0,0,0,0,0,0,0,0,0,0,0,0
0,0,0,0,0,0,0,0,0,0,0,0,0,0,0,0,0,0,0,0,0,0,0,0,0,0,0,0,0,0,0,0,0,0,0,0,0,0,0,0,0,0,0,0,0,0,0,0,0,0,0,0,0,0,0,0,0,0,0,0,0,0,0,0,0,0,0,0,0,0,0,0
0,0,0,0,0,0,0,0,0,0,0,0,0,0,0,0,0,0,0,0,0,0,0,0,0,0,0,0,0,0,0,0,0,0,0,0,0,0,0,0,0,0,0,0,0,0,0,0,0,0,0,0,0,0,0,0,0,0,0,0,0,0,0,0,0,0,0,0,0,0,0,0
0,0,0,0,0,0,0,0,0,0,0,0,0,0,0,0,0,0,0,0,0,0,0,0,0,0,0,0,0,0,0,0,0,0,0,0,0,0,0,0,0,0,0,0,0,0,0,0,0,0,0,0,0,0,0,0,0,0,0,0,0,0,0,0,0,0,0,0,0,0,0,0
0,0,0,0,0,0,0,0,0,0,0,0,0,0,0,0,0,0,0,0,0,0,0,0,0,0,0,0,0,0,0,0,0,0,0,0,0,0,0,0,0,0,0,0,0,0,0,0,0,0,0,0,0,0,0,0,0,0,0,0,0,0,0,0,0,0,0,0,0,0,0,0
0,0,0,0,0,0,0,0,0,0,0,0,0,0,0,0,0,0,0,0,0,0,0,0,0,0,0,0,0,0,0,0,0,0,0,0,0,0,0,0,0,0,0,0,0,0,0,0,0,0,0,0,0,0,0,0,0,0,0,0,0,0,0,0,0,0,0,0,0,0,0,0
0,0,0,0,0,0,0,0,0,0,0,0,0,0,0,0,0,0,0,0,0,0,0,0,0,0,0,0,0,0,0,0,0,0,0,0,0,0,0,0,0,0,0,0,0,0,0,0,0,0,0,0,0,0,0,0,0,0,0,0,0,0,0,0,0,0,0,0,0,0,0,0
0,0,0,0,0,0,0,0,0,0,0,0,0,0,0,0,0,0,0,0,0,0,0,0,0,0,0,0,0,0,0,0,0,0,0,0,0,0,0,0,0,0,0,0,0,0,0,0,0,0,0,0,0,0,0,0,0,0,0,0,0,0,0,0,0,0,0,0,0,0,0,0
0,0,0,0,0,0,0,0,0,0,0,0,0,0,0,0,0,0,0,0,0,0,0,0,0,0,0,0,0,0,0,0,0,0,0,0,0,0,0,0,0,0,0,0,0,0,0,0,0,0,0,0,0,0,0,0,0,0,0,0,0,0,0,0,0,0,0,0,0,0,0,0
0,0,0,0,0,0,0,0,0,0,0,0,0,0,0,0,0,0,0,0,0,0,0,0,0,0,0,0,0,0,0,0,0,0,0,0,0,0,0,0,0,0,0,0,0,0,0,0,0,0,0,0,0,0,0,0,0,0,0,0,0,0,0,0,0,0,0,0,0,0,0,0
0,0,0,0,0,0,0,0,0,0,0,0,0,0,0,0,0,0,0,0,0,0,0,0,0,0,0,0,0,0,0,0,0,0,0,0,0,0,0,0,0,0,0,0,0,0,0,0,0,0,0,0,0,0,0,0,0,0,0,0,0,0,0,0,0,0,0,0,0,0,0,0
0,0,0,0,0,0,0,0,0,0,0,0,0,0,0,0,0,0,0,0,0,0,0,0,0,0,0,0,0,0,0,0,0,0,0,0,0,0,0,0,0,0,0,0,0,0,0,0,0,0,0,0,0,0,0,0,0,0,0,0,0,0,0,0,0,0,0,0,0,0,0,0
0,0,0,0,0,0,0,0,0,0,0,0,0,0,0,0,0,0,0,0,0,0,0,0,0,0,0,0,0,0,0,0,0,0,0,0,0,0,0,0,0,0,0,0,0,0,0,0,0,0,0,0,0,0,0,0,0,0,0,0,0,0,0,0,0,0,0,0,0,0,0,0
0,0,0,0,0,0,0,0,0,0,0,0,0,0,0,0,0,0,0,0,0,0,0,0,0,0,0,0,0,0,0,0,0,0,0,0,0,0,0,0,0,0,0,0,0,0,0,0,0,0,0,0,0,0,0,0,0,0,0,0,0,0,0,0,0,0,0,0,0,0,0,0
0,0,0,0,0,0,0,0,0,0,0,0,0,0,0,0,0,0,0,0,0,0,0,0,0,0,0,0,0,0,0,0,0,0,0,0,0,0,0,0,0,0,0,0,0,0,0,0,0,0,0,0,0,0,0,0,0,0,0,0,0,0,0,0,0,0,0,0,0,0,0,0
0,0,0,0,0,0,0,0,0,0,0,0,0,0,0,0,0,0,0,0,0,0,0,0,0,0,0,0,0,0,0,0,0,0,0,0,0,0,0,0,0,0,0,0,0,0,0,0,0,0,0,0,0,0,0,0,0,0,0,0,0,0,0,0,0,0,0,0,0,0,0,0
0,0,0,0,0,0,0,0,0,0,0,0,0,0,0,0,0,0,0,0,0,0,0,0,0,0,0,0,0,0,0,0,0,0,0,0,0,0,0,0,0,0,0,0,0,0,0,0,0,0,0,0,0,0,0,0,0,0,0,0,0,0,0,0,0,0,0,0,0,0,0,0
0,0,0,0,0,0,0,0,0,0,0,0,0,0,0,0,0,0,0,0,0,0,0,0,0,0,0,0,0,0,0,0,0,0,0,0,0,0,0,0,0,0,0,0,0,0,0,0,0,0,0,0,0,0,0,0,0,0,0,0,0,0,0,0,0,0,0,0,0,0,0,0
0,0,0,0,0,0,0,0,0,0,0,0,0,0,0,0,0,0,0,0,0,0,0,0,0,0,0,0,0,0,0,0,0,0,0,0,0,0,0,0,0,0,0,0,0,0,0,0,0,0,0,0,0,0,0,0,0,0,0,0,0,0,0,0,0,0,0,0,0,0,0,0
0,0,0,0,0,0,0,0,0,0,0,0,0,0,0,0,0,0,0,0,0,0,0,0,0,0,0,0,0,0,0,0,0,0,0,0,0,0,0,0,0,0,0,0,0,0,0,0,0,0,0,0,0,0,0,0,0,0,0,0,0,0,0,0,0,0,0,0,0,0,0,0
0,0,0,0,0,0,0,0,0,0,0,0,0,0,0,0,0,0,0,0,0,0,0,0,0,0,0,0,0,0,0,0,0,0,0,0,0,0,0,0,0,0,0,0,0,0,0,0,0,0,0,0,0,0,0,0,0,0,0,0,0,0,0,0,0,0,0,0,0,0,0,0
0,0,0,0,0,0,0,0,0,0,0,0,0,0,0,0,0,0,0,0,0,0,0,0,0,0,0,0,0,0,0,0,0,0,0,0,0,0,0,0,0,0,0,0,0,0,0,0,0,0,0,0,0,0,0,0,0,0,0,0,0,0,0,0,0,0,0,0,0,0,0,0
0,0,0,0,0,0,0,0,0,0,0,0,0,0,0,0,0,0,0,0,0,0,0,0,0,0,0,0,0,0,0,0,0,0,0,0,0,0,0,0,0,0,0,0,0,0,0,0,0,0,0,0,0,0,0,0,0,0,0,0,0,0,0,0,0,0,0,0,0,0,0,0
0,0,0,0,0,0,0,0,0,0,0,0,0,0,0,0,0,0,0,0,0,0,0,0,0,0,0,0,0,0,0,0,0,0,0,0,0,0,0,0,0,0,0,0,0,0,0,0,0,0,0,0,0,0,0,0,0,0,0,0,0,0,0,0,0,0,0,0,0,0,0,0
0,0,0,0,0,0,0,0,0,0,0,0,0,0,0,0,0,0,0,0,0,0,0,0,0,0,0,0,0,0,0,0,0,0,0,0,0,0,0,0,0,0,0,0,0,0,0,0,0,0,0,0,0,0,0,0,0,0,0,0,0,0,0,0,0,0,0,0,0,0,0,0
0,0,0,0,0,0,0,0,0,0,0,0,0,0,0,0,0,0,0,0,0,0,0,0,0,0,0,0,0,0,0,0,0,0,0,0,0,0,0,0,0,0,0,0,0,0,0,0,0,0,0,0,0,0,0,0,0,0,0,0,0,0,0,0,0,0,0,0,0,0,0,0
0,0,0,0,0,0,0,0,0,0,0,0,0,0,0,0,0,0,0,0,0,0,0,0,0,0,0,0,0,0,0,0,0,0,0,0,0,0,0,0,0,0,0,0,0,0,0,0,0,0,0,0,0,0,0,0,0,0,0,0,0,0,0,0,0,0,0,0,0,0,0,0
